{
    "scene_type": "data_process",
    "pause_at_first": false,
    "enable_draw": true,
    "window_height": 512,
    "window_width": 512,
    "camera": {
        "camera_pos": [
            0.3,
            0.12,
            0
        ],
        "camera_focus": [
            0.0,
            0.12,
            0
        ],
        "fov": 69,
        "near": 0.01,
        "far": 100
    },
    "capture_camera_pos": [[0.3, 0.12, -0.0], [0.29995, 0.12, -0.00524], [0.29982, 0.12, -0.01047], [0.29959, 0.12, -0.0157], [0.29927, 0.12, -0.02093], [0.29886, 0.12, -0.02615], [0.29836, 0.12, -0.03136], [0.29776, 0.12, -0.03656], [0.29708, 0.12, -0.04175], [0.29631, 0.12, -0.04693], [0.29544, 0.12, -0.05209], [0.29449, 0.12, -0.05724], [0.29344, 0.12, -0.06237], [0.29231, 0.12, -0.06749], [0.29109, 
        0.12, -0.07258], [0.28978, 0.12, -0.07765], [0.28838, 0.12, -0.08269], [0.28689, 0.12, -0.08771], [0.28532, 0.12, -0.09271], [0.28366, 0.12, -0.09767], 
        [0.28191, 0.12, -0.10261], [0.28007, 0.12, -0.10751], [0.27816, 0.12, -0.11238], [0.27615, 0.12, -0.11722], [0.27406, 0.12, -0.12202], [0.27189, 0.12, -0.12679], [0.26964, 0.12, -0.13151], [0.2673, 0.12, -0.1362], [0.26488, 0.12, -0.14084], [0.26239, 0.12, -0.14544], [0.25981, 0.12, -0.15], [0.25715, 0.12, -0.15451], [0.25441, 0.12, -0.15898], [0.2516, 0.12, -0.16339], [0.24871, 0.12, -0.16776], [0.24575, 0.12, -0.17207], [0.24271, 0.12, -0.17634], [0.23959, 0.12, -0.18054], [0.2364, 0.12, -0.1847], [0.23314, 0.12, -0.1888], [0.22981, 0.12, -0.19284], [0.22641, 0.12, -0.19682], [0.22294, 0.12, -0.20074], [0.21941, 0.12, -0.2046], [0.2158, 0.12, -0.2084], [0.21213, 0.12, -0.21213], [0.2084, 0.12, -0.2158], [0.2046, 0.12, -0.21941], [0.20074, 0.12, -0.22294], [0.19682, 0.12, -0.22641], [0.19284, 0.12, -0.22981], [0.1888, 0.12, -0.23314], [0.1847, 0.12, -0.2364], [0.18054, 0.12, -0.23959], [0.17634, 0.12, -0.24271], [0.17207, 0.12, -0.24575], [0.16776, 0.12, -0.24871], [0.16339, 0.12, -0.2516], [0.15898, 0.12, -0.25441], [0.15451, 0.12, -0.25715], [0.15, 0.12, -0.25981], [0.14544, 0.12, -0.26239], [0.14084, 0.12, -0.26488], [0.1362, 0.12, -0.2673], [0.13151, 0.12, -0.26964], [0.12679, 0.12, -0.27189], [0.12202, 0.12, -0.27406], [0.11722, 0.12, -0.27615], [0.11238, 0.12, -0.27816], [0.10751, 0.12, -0.28007], [0.10261, 0.12, -0.28191], [0.09767, 0.12, -0.28366], [0.09271, 0.12, -0.28532], [0.08771, 0.12, -0.28689], [0.08269, 
        0.12, -0.28838], [0.07765, 0.12, -0.28978], [0.07258, 0.12, -0.29109], [0.06749, 0.12, -0.29231], [0.06237, 0.12, -0.29344], [0.05724, 0.12, -0.29449], 
        [0.05209, 0.12, -0.29544], [0.04693, 0.12, -0.29631], [0.04175, 0.12, -0.29708], [0.03656, 0.12, -0.29776], [0.03136, 0.12, -0.29836], [0.02615, 0.12, -0.29886], [0.02093, 0.12, -0.29927], [0.0157, 0.12, -0.29959], [0.01047, 0.12, -0.29982], [0.00524, 0.12, -0.29995], [0.0, 0.12, -0.3], [-0.00524, 0.12, -0.29995], [-0.01047, 0.12, -0.29982], [-0.0157, 0.12, -0.29959], [-0.02093, 0.12, -0.29927], [-0.02615, 0.12, -0.29886], [-0.03136, 0.12, -0.29836], [-0.03656, 0.12, -0.29776], [-0.04175, 0.12, -0.29708], [-0.04693, 0.12, -0.29631], [-0.05209, 0.12, -0.29544], [-0.05724, 0.12, -0.29449], [-0.06237, 0.12, -0.29344], [-0.06749, 0.12, -0.29231], [-0.07258, 0.12, -0.29109], [-0.07765, 0.12, -0.28978], [-0.08269, 0.12, -0.28838], [-0.08771, 0.12, -0.28689], [-0.09271, 0.12, -0.28532], [-0.09767, 0.12, -0.28366], [-0.10261, 0.12, 
        -0.28191], [-0.10751, 0.12, -0.28007], [-0.11238, 0.12, -0.27816], [-0.11722, 0.12, -0.27615], [-0.12202, 0.12, -0.27406], [-0.12679, 0.12, -0.27189], [-0.13151, 0.12, -0.26964], [-0.1362, 0.12, -0.2673], [-0.14084, 0.12, -0.26488], [-0.14544, 0.12, -0.26239], [-0.15, 0.12, -0.25981], [-0.15451, 0.12, -0.25715], [-0.15898, 0.12, -0.25441], [-0.16339, 0.12, -0.2516], [-0.16776, 
        0.12, -0.24871], [-0.17207, 0.12, -0.24575], [-0.17634, 0.12, -0.24271], [-0.18054, 0.12, -0.23959], [-0.1847, 0.12, -0.2364], [-0.1888, 0.12, -0.23314], [-0.19284, 0.12, -0.22981], [-0.19682, 0.12, -0.22641], [-0.20074, 0.12, -0.22294], [-0.2046, 0.12, -0.21941], [-0.2084, 0.12, -0.2158], [-0.21213, 0.12, -0.21213], [-0.2158, 0.12, -0.2084], [-0.21941, 0.12, -0.2046], [-0.22294, 0.12, -0.20074], [-0.22641, 0.12, -0.19682], [-0.22981, 0.12, -0.19284], 
        [-0.23314, 0.12, -0.1888], [-0.2364, 0.12, -0.1847], [-0.23959, 0.12, -0.18054], [-0.24271, 0.12, -0.17634], [-0.24575, 0.12, -0.17207], [-0.24871, 0.12, -0.16776], [-0.2516, 0.12, -0.16339], [-0.25441, 0.12, -0.15898], [-0.25715, 0.12, -0.15451], [-0.25981, 0.12, -0.15], [-0.26239, 0.12, -0.14544], [-0.26488, 0.12, -0.14084], [-0.2673, 0.12, -0.1362], [-0.26964, 0.12, -0.13151], [-0.27189, 0.12, -0.12679], [-0.27406, 0.12, -0.12202], [-0.27615, 0.12, 
        -0.11722], [-0.27816, 0.12, -0.11238], [-0.28007, 0.12, -0.10751], [-0.28191, 0.12, -0.10261], [-0.28366, 0.12, -0.09767], [-0.28532, 0.12, -0.09271], [-0.28689, 0.12, -0.08771], [-0.28838, 0.12, -0.08269], [-0.28978, 0.12, -0.07765], [-0.29109, 0.12, -0.07258], [-0.29231, 0.12, -0.06749], [-0.29344, 0.12, -0.06237], [-0.29449, 0.12, -0.05724], [-0.29544, 0.12, -0.05209], [-0.29631, 0.12, -0.04693], [-0.29708, 0.12, -0.04175], [-0.29776, 0.12, -0.03656], [-0.29836, 0.12, -0.03136], [-0.29886, 0.12, -0.02615], [-0.29927, 0.12, 
        -0.02093], [-0.29959, 0.12, -0.0157], [-0.29982, 0.12, -0.01047], [-0.29995, 0.12, -0.00524], [-0.3, 0.12, -0.0], [-0.29995, 0.12, 0.00524], [-0.29982, 
        0.12, 0.01047], [-0.29959, 0.12, 0.0157], [-0.29927, 0.12, 0.02093], [-0.29886, 0.12, 0.02615], [-0.29836, 0.12, 0.03136], [-0.29776, 0.12, 0.03656], [-0.29708, 0.12, 0.04175], [-0.29631, 0.12, 0.04693], [-0.29544, 0.12, 0.05209], [-0.29449, 0.12, 0.05724], [-0.29344, 0.12, 0.06237], [-0.29231, 0.12, 0.06749], [-0.29109, 0.12, 0.07258], [-0.28978, 0.12, 0.07765], [-0.28838, 0.12, 0.08269], [-0.28689, 0.12, 0.08771], [-0.28532, 0.12, 0.09271], [-0.28366, 0.12, 0.09767], [-0.28191, 0.12, 0.10261], [-0.28007, 0.12, 0.10751], [-0.27816, 0.12, 0.11238], [-0.27615, 0.12, 0.11722], [-0.27406, 0.12, 0.12202], [-0.27189, 0.12, 0.12679], [-0.26964, 0.12, 0.13151], [-0.2673, 0.12, 0.1362], [-0.26488, 0.12, 0.14084], [-0.26239, 0.12, 0.14544], [-0.25981, 0.12, 0.15], [-0.25715, 0.12, 0.15451], [-0.25441, 0.12, 0.15898], [-0.2516, 0.12, 
