{
    "scene_type": "data_process",
    "pause_at_first": false,
    "enable_draw": true,
    "window_height": 512,
    "window_width": 512,
    "enable_obstacle": true,
    "simulation_conf": "./config/sim_configs/se_config.json",
    "camera": {
        "camera_pos": [
            0.3,
            0.12,
            0
        ],
        "camera_focus": [
            0.0,
            0.12,
            0
        ],
        "fov": 69,
        "near": 0.01,
        "far": 100
    },
    "capture_camera_pos": [[0.6, 0.45, -0.0], [0.59991, 0.45, -0.01047], [0.59963, 0.45, -0.02094], [0.59918, 0.45, -0.0314], [0.59854, 0.45, -0.04185], [0.59772, 0.45, -0.05229], [0.59671, 0.45, -0.06272], [0.59553, 0.45, -0.07312], [0.59416, 0.45, -0.0835], [0.59261, 0.45, -0.09386], [0.59088, 0.45, -0.10419], [0.58898, 0.45, 
        -0.11449], [0.58689, 0.45, -0.12475], [0.58462, 0.45, -0.13497], [0.58218, 0.45, -0.14515], [0.57956, 0.45, -0.15529], [0.57676, 0.45, -0.16538], [0.57378, 0.45, -0.17542], [0.57063, 0.45, -0.18541], [0.56731, 0.45, -0.19534], [0.56382, 0.45, -0.20521], [0.56015, 0.45, -0.21502], [0.55631, 0.45, -0.22476], [0.5523, 0.45, -0.23444], [0.54813, 0.45, -0.24404], [0.54378, 0.45, -0.25357], [0.53928, 0.45, -0.26302], [0.5346, 0.45, -0.27239], [0.52977, 0.45, -0.28168], [0.52477, 0.45, -0.29089], [0.51962, 0.45, -0.3], [0.5143, 0.45, -0.30902], [0.50883, 0.45, -0.31795], [0.5032, 0.45, -0.32678], [0.49742, 0.45, -0.33552], [0.49149, 0.45, -0.34415], [0.48541, 0.45, -0.35267], [0.47918, 0.45, -0.36109], [0.47281, 0.45, -0.3694], [0.46629, 0.45, -0.37759], [0.45963, 0.45, -0.38567], [0.45283, 0.45, -0.39364], [0.44589, 0.45, -0.40148], [0.43881, 0.45, -0.4092], [0.4316, 0.45, -0.4168], [0.42426, 0.45, -0.42426], [0.4168, 0.45, -0.4316], [0.4092, 0.45, -0.43881], [0.40148, 0.45, -0.44589], [0.39364, 0.45, -0.45283], [0.38567, 0.45, -0.45963], [0.37759, 0.45, -0.46629], [0.3694, 0.45, -0.47281], [0.36109, 0.45, -0.47918], [0.35267, 0.45, -0.48541], [0.34415, 0.45, -0.49149], [0.33552, 0.45, -0.49742], [0.32678, 0.45, -0.5032], [0.31795, 0.45, -0.50883], [0.30902, 0.45, -0.5143], [0.3, 0.45, -0.51962], [0.29089, 0.45, -0.52477], [0.28168, 0.45, -0.52977], [0.27239, 0.45, -0.5346], [0.26302, 0.45, -0.53928], [0.25357, 0.45, -0.54378], [0.24404, 0.45, -0.54813], [0.23444, 0.45, -0.5523], [0.22476, 0.45, -0.55631], [0.21502, 0.45, -0.56015], [0.20521, 0.45, -0.56382], [0.19534, 0.45, 
        -0.56731], [0.18541, 0.45, -0.57063], [0.17542, 0.45, -0.57378], [0.16538, 0.45, -0.57676], [0.15529, 0.45, -0.57956], [0.14515, 0.45, -0.58218], [0.13497, 0.45, -0.58462], [0.12475, 0.45, -0.58689], [0.11449, 0.45, -0.58898], [0.10419, 0.45, -0.59088], [0.09386, 0.45, -0.59261], [0.0835, 0.45, -0.59416], [0.07312, 0.45, -0.59553], [0.06272, 0.45, -0.59671], [0.05229, 0.45, -0.59772], [0.04185, 0.45, -0.59854], [0.0314, 0.45, -0.59918], [0.02094, 0.45, -0.59963], [0.01047, 0.45, -0.59991], [0.0, 0.45, -0.6], [-0.01047, 0.45, -0.59991], [-0.02094, 0.45, -0.59963], [-0.0314, 0.45, -0.59918], [-0.04185, 
        0.45, -0.59854], [-0.05229, 0.45, -0.59772], [-0.06272, 0.45, -0.59671], [-0.07312, 0.45, -0.59553], [-0.0835, 0.45, -0.59416], [-0.09386, 0.45, -0.59261], [-0.10419, 0.45, -0.59088], [-0.11449, 0.45, -0.58898], [-0.12475, 0.45, -0.58689], [-0.13497, 0.45, -0.58462], [-0.14515, 0.45, -0.58218], [-0.15529, 0.45, -0.57956], [-0.16538, 0.45, -0.57676], [-0.17542, 0.45, -0.57378], 
        [-0.18541, 0.45, -0.57063], [-0.19534, 0.45, -0.56731], [-0.20521, 0.45, -0.56382], [-0.21502, 0.45, -0.56015], [-0.22476, 0.45, -0.55631], [-0.23444, 0.45, -0.5523], [-0.24404, 0.45, -0.54813], [-0.25357, 0.45, -0.54378], [-0.26302, 0.45, -0.53928], [-0.27239, 0.45, -0.5346], [-0.28168, 0.45, -0.52977], [-0.29089, 0.45, -0.52477], [-0.3, 0.45, -0.51962], [-0.30902, 0.45, -0.5143], [-0.31795, 0.45, -0.50883], [-0.32678, 0.45, -0.5032], [-0.33552, 0.45, -0.49742], [-0.34415, 0.45, -0.49149], [-0.35267, 0.45, -0.48541], [-0.36109, 0.45, -0.47918], [-0.3694, 0.45, -0.47281], [-0.37759, 0.45, -0.46629], [-0.38567, 0.45, -0.45963], [-0.39364, 0.45, -0.45283], [-0.40148, 0.45, -0.44589], [-0.4092, 0.45, -0.43881], [-0.4168, 0.45, -0.4316], [-0.42426, 0.45, -0.42426], [-0.4316, 0.45, -0.4168], [-0.43881, 0.45, -0.4092], [-0.44589, 
        0.45, -0.40148], [-0.45283, 0.45, -0.39364], [-0.45963, 0.45, -0.38567], [-0.46629, 0.45, -0.37759], [-0.47281, 0.45, -0.3694], [-0.47918, 0.45, -0.36109], [-0.48541, 0.45, -0.35267], [-0.49149, 0.45, -0.34415], [-0.49742, 0.45, -0.33552], [-0.5032, 0.45, -0.32678], [-0.50883, 0.45, -0.31795], [-0.5143, 0.45, -0.30902], [-0.51962, 0.45, -0.3], [-0.52477, 0.45, -0.29089], [-0.52977, 0.45, -0.28168], [-0.5346, 0.45, -0.27239], [-0.53928, 0.45, -0.26302], [-0.54378, 0.45, -0.25357], [-0.54813, 0.45, -0.24404], [-0.5523, 0.45, -0.23444], [-0.55631, 0.45, -0.22476], [-0.56015, 0.45, -0.21502], [-0.56382, 0.45, -0.20521], [-0.56731, 0.45, -0.19534], [-0.57063, 0.45, -0.18541], [-0.57378, 0.45, -0.17542], [-0.57676, 0.45, -0.16538], [-0.57956, 0.45, -0.15529], [-0.58218, 0.45, -0.14515], [-0.58462, 0.45, -0.13497], [-0.58689, 0.45, -0.12475], [-0.58898, 0.45, -0.11449], [-0.59088, 0.45, -0.10419], [-0.59261, 0.45, -0.09386], [-0.59416, 0.45, -0.0835], [-0.59553, 0.45, -0.07312], [-0.59671, 0.45, -0.06272], [-0.59772, 0.45, -0.05229], [-0.59854, 0.45, -0.04185], [-0.59918, 0.45, -0.0314], [-0.59963, 0.45, -0.02094], [-0.59991, 0.45, -0.01047], [-0.6, 0.45, -0.0], [-0.59991, 0.45, 0.01047], [-0.59963, 0.45, 0.02094], [-0.59918, 0.45, 0.0314], [-0.59854, 0.45, 0.04185], [-0.59772, 
        0.45, 0.05229], [-0.59671, 0.45, 0.06272], [-0.59553, 0.45, 0.07312], [-0.59416, 0.45, 0.0835], [-0.59261, 0.45, 0.09386], [-0.59088, 0.45, 0.10419], [-0.58898, 0.45, 0.11449], [-0.58689, 0.45, 0.12475], [-0.58462, 0.45, 0.13497], [-0.58218, 0.45, 0.14515], [-0.57956, 0.45, 0.15529], [-0.57676, 0.45, 0.16538], [-0.57378, 0.45, 0.17542], [-0.57063, 0.45, 0.18541], [-0.56731, 0.45, 0.19534], [-0.56382, 0.45, 0.20521], [-0.56015, 0.45, 0.21502], [-0.55631, 0.45, 0.22476], [-0.5523, 0.45, 0.23444], [-0.54813, 0.45, 0.24404], [-0.54378, 0.45, 0.25357], [-0.53928, 0.45, 0.26302], [-0.5346, 0.45, 0.27239], [-0.52977, 0.45, 0.28168], [-0.52477, 0.45, 0.29089], [-0.51962, 0.45, 0.3], 
        [-0.5143, 0.45, 0.30902], [-0.50883, 0.45, 0.31795], [-0.5032, 0.45, 0.32678], [-0.49742, 0.45, 0.33552], [-0.49149, 0.45, 0.34415], [-0.48541, 0.45, 0.35267], [-0.47918, 0.45, 0.36109], [-0.47281, 0.45, 0.3694], [-0.46629, 0.45, 0.37759], [-0.45963, 0.45, 0.38567], [-0.45283, 0.45, 0.39364], [-0.44589, 0.45, 0.40148], [-0.43881, 0.45, 0.4092], [-0.4316, 0.45, 0.4168], [-0.42426, 0.45, 0.42426], [-0.4168, 0.45, 0.4316], [-0.4092, 0.45, 0.43881], [-0.40148, 0.45, 0.44589], [-0.39364, 0.45, 0.45283], [-0.38567, 0.45, 0.45963], [-0.37759, 0.45, 0.46629], [-0.3694, 0.45, 0.47281], [-0.36109, 0.45, 0.47918], [-0.35267, 0.45, 0.48541], [-0.34415, 0.45, 0.49149], [-0.33552, 0.45, 0.49742], [-0.32678, 0.45, 0.5032], [-0.31795, 0.45, 0.50883], [-0.30902, 0.45, 0.5143], [-0.3, 0.45, 0.51962], [-0.29089, 0.45, 0.52477], [-0.28168, 0.45, 0.52977], [-0.27239, 0.45, 0.5346], [-0.26302, 0.45, 0.53928], [-0.25357, 
